building_id,mean_temp,std_temp,pct_above_18,pct_below_15
10000,14.012338788112752,6.367431059312565,30.941014791508444,55.542295034537624
10009,10.993051779007935,5.812322645781653,16.6574530103528,74.99497436928334
10014,14.646415970473928,7.087224365940755,38.03363123714908,53.21756478899046
10019,14.639629435523512,7.079026758038798,37.916196172978914,53.335164443901895
10029,10.616037322820358,6.317331938274926,18.25563221896085,74.51301795448481
10031,12.507072852890545,6.278432089100354,24.044722033998173,66.39513301711693
10051,13.289039951277404,5.999085063388632,25.97693550756574,62.859923608050536
10053,11.366493551285707,6.26121798185875,19.9510754583921,72.41052538787024
10056,14.220114507861702,6.179461157398302,31.763454814173965,57.06174975667784
10064,12.681227793933811,6.9638163800117825,28.594909501162235,62.910551551756
10075,14.938810608575844,6.424293145209799,37.01859376380178,49.413700203162264
10079,15.006857124736865,7.334661848850429,41.5167207085128,49.862072303150555
10080,15.68983686598686,7.3028815357909815,45.96016498319797,45.13720841375121
10082,16.32121830407195,6.766864321216305,47.88962116542601,41.34939073538476
10083,15.639247995421401,7.120808056609733,44.855518923515284,45.886354482120744
10084,15.100584697661853,7.150541807748643,40.90648998644782,50.266526125583496
10085,15.868862158668058,7.192791728448739,46.18303917834116,44.72566696293788
10086,14.307152043727738,7.2349739023695685,36.90188496858386,53.3977767037216
10087,14.984898738490225,7.306976328836639,41.22708953751632,50.27290576531044
10089,13.888413494482666,7.314640637817556,35.12572936270013,56.71486528659108
# Total runtime: 33.814 seconds
